Section,Principe_central,Contenu_proposé,Sources_convergentes
PRÉAMBULE,Fondements ontologiques universels,Reconnaissant que l'existence est un phénomène relationnel et informationnel transcendant les cultures...,Toutes traditions + science moderne
Article 1,Existence relationnelle,Tout être existe par et dans sa relation aux autres êtres et à l'univers informatiofonctionnel,"Ubuntu, Bouddhisme, Constantinis"
Article 2,Interdépendance universelle,L'interdépendance fondamentale unit tous les phénomènes dans un réseau d'influences mutuelles,"Bouddhisme, Confucianisme, Physique quantique"
Article 3,Responsabilité cosmique,"Exister implique responsabilité envers soi, autrui, les générations futures et le cosmos","Islam, Ubuntu, Éthique environnementale"
Article 4,Dignité informationnelle,Chaque être possède une dignité informationnelle inaliénable par son reflet dans l'univers,"Droit naturel, Constantinis, Dignité humaine"
Article 5,Transparence entropique,Toute action d'existence génère une empreinte entropique qui doit être consciente et transparente,"Constantinis, Transparence scientifique"
Article 6,Harmonie dynamique,"L'harmonie entre individu, société et environnement est condition de l'existence épanouie","Confucianisme, Écologie, Équilibre"
Article 7,Justice existentielle,L'accès équitable aux conditions d'existence est un droit universel inaliénable,"Droit naturel, Islam, Justice sociale"
Article 8,Solidarité planétaire,"La solidarité planétaire transcende frontières, cultures et espèces dans la communauté du vivant","Ubuntu, Bouddhisme, Planétarité"
Article 9,Évolution consciente,L'évolution consciente de l'humanité est responsabilité collective vers plus de complexité harmonieuse,Toutes traditions + vision évolutive
Article 10,Mise en œuvre,"Mécanismes de mise en œuvre, surveillance et révision de cette déclaration",Pragmatisme institutionnel
